{
  "current_regime": "BULL",
  "days_in_regime": 2,
  "P_prev": {
    "BULL": 0.6825950723617696,
    "BEAR": 0.10015033218354763,
    "RANGE": 0.044151009999000526,
    "TRANSITION": 0.1731035854556825
  },
  "bucket_history": {
    "Momentum": [
      -0.9257175446284626,
      -0.9190374313438396,
      -0.9222168769574258,
      -0.9146710492760528,
      -0.9141593509343313,
      -0.9080553860698639,
      -0.9066759528981143,
      -0.9059009035112817,
      -0.9110608267741949,
      -0.9104652249370009,
      -0.9130160660228492,
      -0.910824945524661,
      -0.8947479114521766,
      -0.9001650636183299,
      -0.898799664849142,
      -0.9040612157143276,
      -0.884007860524713,
      -0.8839549349604543,
      -0.8829152130801468,
      -0.8799567321068871,
      -0.8800415955116467,
      -0.8795439873655562,
      -0.8658765817759324,
      -0.8791802199793417,
      -0.8811493818510445,
      -0.8843526716972099,
      -0.8761279059746164,
      -0.8785748963903678,
      -0.8217955097693959,
      -0.8680380837276396,
      -0.7117509455025681,
      -0.7304477072290625,
      -0.6561988007521727,
      -0.6583434013216375,
      -0.6504229719627996,
      -0.6087041605201711,
      -0.6184012057814163,
      -0.7162963839907577,
      -0.7999504251900394,
      -0.766434395102714,
      -0.672049518144749,
      -0.5428773530016837,
      -0.45527070109101897,
      -0.46055370959937303,
      -0.5019189641358637,
      -0.4446097061739283,
      -0.5280762118016604,
      -0.5865987774631305,
      -0.45756695591166663,
      -0.38724920369387217,
      -0.04994597845747309,
      0.04914698582516727,
      0.053600516230420336,
      0.11343042457495547,
      -0.791983190031204,
      -0.791983190031204,
      -0.791983190031204,
      -0.791983190031204,
      -0.791983190031204,
      -0.791983190031204,
      -0.791983190031204,
      -0.791983190031204,
      0.6152545169764438,
      -0.791983190031204,
      -0.6490335154919479,
      -0.6490335154919479,
      -0.6490335154919479,
      -0.6490335154919479,
      -0.6490335154919479,
      0.521263242550984,
      0.6359776838159621,
      0.6327512080304798,
      0.6314433688893121,
      0.6260862715804687,
      0.6202922337338925,
      0.6217072118763525,
      0.622560560099142,
      0.6223636965729715,
      0.6231822661474204
    ],
    "Stability": [
      -0.9781398095642689,
      -1.0,
      -1.0,
      -1.0,
      -1.0,
      -1.0,
      -1.0,
      -1.0,
      -1.0,
      -1.0,
      -1.0,
      -1.0,
      -1.0,
      -1.0,
      -1.0,
      -1.0,
      -1.0,
      -1.0,
      -1.0,
      -1.0,
      -1.0,
      -1.0,
      -1.0,
      -1.0,
      -1.0,
      -1.0,
      -1.0,
      -1.0,
      -1.0,
      -1.0,
      -0.9720215033366131,
      -0.9777871508312774,
      -0.9217296538296695,
      -0.6660403957915833,
      -0.6771541567424274,
      -1.0,
      -1.0,
      -0.650924567052942,
      -0.6264388125061545,
      -0.5955116856003458,
      -0.664561210636421,
      -0.6454929473962401,
      -0.48557096905310587,
      -0.48315600189102037,
      -0.40785208957913077,
      -0.6302420639828591,
      -0.561459598692369,
      -0.611472306276154,
      -0.6906647085403818,
      -0.5631585588803387,
      -0.41383464947337295,
      -0.4582817820021461,
      -0.45741020316928277,
      -0.5422133375887386,
      -0.12897228807773128,
      -0.12897228807773128,
      -0.12897228807773128,
      -0.12897228807773128,
      -0.12897228807773128,
      -0.12897228807773128,
      -0.12897228807773128,
      -0.12897228807773128,
      -0.16018812483627543,
      -0.12897228807773128,
      -0.2516771572883466,
      -0.2516771572883466,
      -0.2516771572883466,
      -0.2516771572883466,
      -0.2516771572883466,
      -0.24715212930349245,
      -0.37642647103388277,
      -0.47669602301921804,
      -0.5985988109644148,
      0.7347586946769549,
      0.6333220523068328,
      0.6075525589193034,
      0.6455013455068429,
      0.6429587685706065,
      0.6437059614401341
    ],
    "Rotation": [
      0.0,
      0.0,
      0.0,
      0.0,
      0.0,
      0.0,
      0.0,
      0.0,
      0.0,
      0.0,
      0.0,
      0.0,
      0.0,
      0.0,
      0.0,
      0.0,
      0.0,
      0.0,
      0.0,
      0.0,
      0.0,
      0.0,
      0.0,
      0.0,
      0.0,
      0.0,
      0.0,
      0.0,
      0.0,
      -0.30891925580010793,
      -0.30994056356953836,
      -0.13058503843151406,
      0.6369470584659238,
      0.17902237005384,
      0.697048501857956,
      1.0,
      1.0,
      0.5046621137921377,
      -0.5564348872507946,
      -0.6767396753181611,
      -0.19479973683848978,
      -0.32772858234767793,
      -0.6383389183478955,
      -0.8157785161602508,
      -0.5224584708187352,
      0.837530205539653,
      0.7781864788270073,
      -0.0003006682746977094,
      0.45200928744875957,
      -0.24923877133258998,
      0.053494587950622154,
      0.521834004393009,
      0.1863421788492843,
      0.5950819015768323,
      1.0,
      0.8264957330085521,
      0.9482332758860618,
      0.7136938041817125,
      0.8048990654504358,
      0.5251013563640479,
      0.5555073097409022,
      -0.6832067239875184,
      -1.0,
      -0.2273986711688051,
      -0.343452778820577,
      0.07755578345366765,
      0.2518491156987608,
      -0.12235059647842439,
      -0.514603267323137,
      -1.0,
      -1.0,
      -0.6523009295217913,
      -1.0,
      -1.0,
      -1.0,
      -1.0,
      -1.0,
      -0.7809249055478342,
      -0.6817750543279826
    ],
    "Sentiment": [
      -0.35,
      -0.35,
      -0.35,
      -0.35,
      -0.35,
      -0.35,
      -0.35,
      -0.35,
      -0.35,
      -0.35,
      -0.35,
      -0.35,
      -0.35,
      -0.35,
      -0.35,
      -0.35,
      -0.35,
      -0.35,
      -0.35,
      -0.35,
      -0.35,
      -0.35,
      -0.35,
      -0.35,
      -0.35,
      0.050000000000000044,
      0.035802456070136546,
      0.03687036874644112,
      0.050000000000000044,
      0.050000000000000044,
      -0.08312815420984515,
      -0.20079908645586395,
      0.019940064692342496,
      0.01569872452135973,
      -0.5014108442606817,
      -0.008746176655359483,
      -0.008684724475262195,
      -0.19999999999999996,
      -0.20055206164007658,
      0.04837261819094118,
      -0.2794386664820936,
      -0.380218047753886,
      -0.5848985095237752,
      -0.32749398621414116,
      -0.5440043972649473,
      0.10973371218727015,
      0.2859538392359032,
      0.12785772139484103,
      0.04096242683594872,
      -0.3943235820025809,
      -0.7760091501944548,
      -0.27464616672435493,
      -0.5132560722221524,
      -0.49021003687449693,
      0.03443612984985799,
      0.03443612984985799,
      0.03443612984985799,
      0.03443612984985799,
      -0.315563870150142,
      -0.315563870150142,
      -0.315563870150142,
      -0.315563870150142,
      0.03443612984985799,
      0.03443612984985799,
      0.03443612984985799,
      0.03443612984985799,
      0.03443612984985799,
      0.03443612984985799,
      0.03443612984985799,
      -0.47090520291100724,
      -0.9792900526435241,
      -0.9339703982790588,
      -0.5259685002602614,
      -0.6747581602329231,
      -0.7312454411573944,
      -0.7729719350733967,
      -0.7090750579666352,
      -0.7431861211013739,
      -0.8136362806516824
    ],